OBJECTID_1,Join_Count,TARGET_FID,OBJECTID,GEOID10,CT10,LABEL,Shape_STAr,Shape_STLe,GEOID_INT,GEO_id,GEO_id2,GEO_displa,TOTAL_POP,WHITE,BLACK,AMER_IND,ASIAN,PAC_ISLND,OTHER,TWO_MORE,MEANINCOME,LESS_HS,HS_GRAD,SOME_COLGE,BA_HIGHER,YEAR,AlcoholRel,Arson,Assault,Burglaries,FederalOff,FelonMisc,Fraud,Gambling,GrandTheft,Homicide,MentallyIl,Narcotics,Robberies,SexOffense,Suicide,Vagrancy,Vandalism,VehicBoatL,Shape_Leng,WeaponLaws,AllCrimes,X,Y
325,218,324,325,6037800506,800506,8005.06,284463782.1,98366.70288,6037800506,1400000US06037800506,6037800506,"Census Tract 8005.06, Los Angeles County, California",3243,2743,16,30,251,0,38,165,217155,42,19,65,21,2016,18,0,15,18,1,0,17,0,12,0,3,11,60,4,2,1,15,40,98366.70288,1,218,-118.609117,34.05702932
326,380,325,326,6037800504,800504,8005.04,229786487.4,110883.1848,6037800504,1400000US06037800504,6037800504,"Census Tract 8005.04, Los Angeles County, California",2420,2202,84,0,88,0,17,29,231463,0,17,193,106,2016,52,0,22,32,3,6,24,0,9,0,16,18,113,3,1,0,15,63,110883.1848,3,380,-118.6731423,34.05299916
327,152,326,327,6037800410,800410,8004.1,401878725.3,125210.2265,6037800410,1400000US06037800410,6037800410,"Census Tract 8004.10, Los Angeles County, California",4100,2718,142,74,735,0,106,325,184431,13,99,1935,77,2016,11,0,10,6,0,3,6,0,3,0,3,9,37,0,0,0,5,58,125210.2265,1,152,-118.7401996,34.05726398
328,346,327,328,6037800408,800408,8004.08,173387288.8,90272.41038,6037800408,1400000US06037800408,6037800408,"Census Tract 8004.08, Los Angeles County, California",7195,6255,77,0,297,0,93,473,238470,20,50,150,59,2016,30,1,22,31,2,9,39,0,9,0,13,14,73,8,0,0,26,68,90272.41038,1,346,-118.8076142,34.02502765
329,174,328,329,6037800406,800406,8004.06,979938495.2,194612.3459,6037800406,1400000US06037800406,6037800406,"Census Tract 8004.06, Los Angeles County, California",2816,2391,94,0,79,7,162,83,239787,68,31,71,24,2016,7,0,11,15,5,4,14,0,7,0,4,9,56,4,3,0,9,24,194612.3459,2,174,-118.8568598,34.06455728
331,33,330,331,6037800330,800330,8003.3,306347606.8,122547.5823,6037800330,1400000US06037800330,6037800330,"Census Tract 8003.30, Los Angeles County, California",1097,1034,5,0,26,0,11,21,176934,2,20,55,0,2016,2,0,2,2,1,1,1,0,0,0,1,5,6,3,0,0,6,3,122547.5823,0,33,-118.7551849,34.0937311
333,0,332,333,6037267404,267404,2674.04,3061719.11,7371.043252,6037267404,1400000US06037267404,6037267404,"Census Tract 2674.04, Los Angeles County, California",3099,2142,114,125,386,11,60,261,91931,0,15,68,185,2016,0,0,0,0,0,0,0,0,0,0,0,0,0,0,0,0,0,0,7371.043252,0,0,-118.4605456,34.04563629
340,0,339,340,6037702102,702102,7021.02,10011658.09,13723.76009,6037702102,1400000US06037702102,6037702102,"Census Tract 7021.02, Los Angeles County, California",5981,5009,272,29,320,0,147,204,111163,0,17,18,116,2016,0,0,0,0,0,0,0,0,0,0,0,0,0,0,0,0,0,0,13723.76009,0,0,-118.4791676,34.00128431
341,0,340,341,6037702002,702002,7020.02,10757741.01,13486.06358,6037702002,1400000US06037702002,6037702002,"Census Tract 7020.02, Los Angeles County, California",6374,5217,346,0,376,0,226,209,102239,18,73,178,81,2016,0,0,0,0,0,0,0,0,0,0,0,0,0,0,0,0,0,0,13486.06358,0,0,-118.4847856,34.00632914
342,25,341,342,6037701902,701902,7019.02,18473757.95,17292.42754,6037701902,1400000US06037701902,6037701902,"Census Tract 7019.02, Los Angeles County, California",4517,3315,483,0,450,0,31,238,109338,46,61,133,272,2016,0,0,7,0,0,1,0,0,0,0,1,2,10,0,0,0,1,3,17292.42754,0,25,-118.4935229,34.01385411
351,1,350,351,6037701402,701402,7014.02,8466015.868,12874.63698,6037701402,1400000US06037701402,6037701402,"Census Tract 7014.02, Los Angeles County, California",5961,4903,151,256,385,0,53,213,103024,0,17,125,46,2016,0,0,1,0,0,0,0,0,0,0,0,0,0,0,0,0,0,0,12874.63698,0,1,-118.5022984,34.02065922
353,0,352,353,6037701304,701304,7013.04,21899073.23,21423.80406,6037701304,1400000US06037701304,6037701304,"Census Tract 7013.04, Los Angeles County, California",6258,5403,69,0,526,0,0,260,200946,32,29,90,101,2016,0,0,0,0,0,0,0,0,0,0,0,0,0,0,0,0,0,0,21423.80406,0,0,-118.506043,34.03035178
355,2,354,355,6037265202,265202,2652.02,6192623.587,11549.01734,6037265202,1400000US06037265202,6037265202,"Census Tract 2652.02, Los Angeles County, California",3690,2579,24,0,655,17,272,143,139305,46,177,309,76,2016,0,0,1,0,0,0,0,0,0,0,0,0,1,0,0,0,0,0,11549.01734,0,2,-118.4411947,34.06190496
356,0,355,356,6037264102,264102,2641.02,4267601.79,10245.73969,6037264102,1400000US06037264102,6037264102,"Census Tract 2641.02, Los Angeles County, California",2630,2271,48,0,208,0,23,80,133451,18,44,81,62,2016,0,0,0,0,0,0,0,0,0,0,0,0,0,0,0,0,0,0,10245.73969,0,0,-118.4693893,34.05951344
358,1,357,358,6037262704,262704,2627.04,19969787.22,25022.09607,6037262704,1400000US06037262704,6037262704,"Census Tract 2627.04, Los Angeles County, California",3427,2976,44,0,220,2,26,159,216277,27,18,67,30,2016,0,0,1,0,0,0,0,0,0,0,0,0,0,0,0,0,0,0,25022.09607,0,1,-118.5400714,34.04283087
387,0,386,387,6037262301,262301,2623.01,140591183.7,74403.86572,6037262301,1400000US06037262301,6037262301,"Census Tract 2623.01, Los Angeles County, California",3048,2446,41,0,367,0,62,132,313365,27,46,438,31,2016,0,0,0,0,0,0,0,0,0,0,0,0,0,0,0,0,0,0,74403.86572,0,0,-118.4921301,34.10391585
389,0,388,389,6037701202,701202,7012.02,4356378.678,9141.425322,6037701202,1400000US06037701202,6037701202,"Census Tract 7012.02, Los Angeles County, California",3312,2778,185,0,220,0,33,96,133365,0,13,69,23,2016,0,0,0,0,0,0,0,0,0,0,0,0,0,0,0,0,0,0,9141.425322,0,0,-118.4898254,34.03392915
390,1,389,390,6037278102,278102,2781.02,19617712.08,30503.51755,6037278102,1400000US06037278102,6037278102,"Census Tract 2781.02, Los Angeles County, California",3134,2577,49,17,152,0,138,201,220880,0,43,36,57,2016,0,0,1,0,0,0,0,0,0,0,0,0,0,0,0,0,0,0,30503.51755,0,1,-118.4466546,33.96077627
392,0,391,392,6037141500,141500,1415,35908551.91,31706.11664,6037141500,1400000US06037141500,6037141500,"Census Tract 1415, Los Angeles County, California",2985,2658,40,0,257,0,21,9,261734,28,16,30,43,2016,0,0,0,0,0,0,0,0,0,0,0,0,0,0,0,0,0,0,31706.11664,0,0,-118.4786543,34.14048719
393,0,392,393,6037271400,271400,2714,12368389.41,14507.93088,6037271400,1400000US06037271400,6037271400,"Census Tract 2714, Los Angeles County, California",3586,2862,15,11,403,23,47,225,148488,0,25,93,14,2016,0,0,0,0,0,0,0,0,0,0,0,0,0,0,0,0,0,0,14507.93088,0,0,-118.4474117,34.0100828
394,0,393,394,6037271300,271300,2713,15743103.22,19366.89861,6037271300,1400000US06037271300,6037271300,"Census Tract 2713, Los Angeles County, California",4818,3182,231,44,984,0,97,280,112111,0,31,103,84,2016,0,0,0,0,0,0,0,0,0,0,0,0,0,0,0,0,0,0,19366.89861,0,0,-118.4413575,34.02597011
395,11,394,395,6037271200,271200,2712,5644951.416,13692.63893,6037271200,1400000US06037271200,6037271200,"Census Tract 2712, Los Angeles County, California",2672,1641,132,7,612,0,154,126,82020,40,12,90,159,2016,0,0,0,0,0,0,0,0,0,0,0,0,9,0,0,0,2,0,13692.63893,0,11,-118.442016,34.03139646
412,0,411,412,6037272100,272100,2721,12909180.88,14819.19993,6037272100,1400000US06037272100,6037272100,"Census Tract 2721, Los Angeles County, California",4504,3537,18,0,317,26,201,405,113424,9,32,166,69,2016,0,0,0,0,0,0,0,0,0,0,0,0,0,0,0,0,0,0,14819.19993,0,0,-118.4423003,34.00371497
413,0,412,413,6037139802,139802,1398.02,65411703.41,46887.61672,6037139802,1400000US06037139802,6037139802,"Census Tract 1398.02, Los Angeles County, California",4014,3395,0,0,271,0,87,261,213333,27,50,83,60,2016,0,0,0,0,0,0,0,0,0,0,0,0,0,0,0,0,0,0,46887.61672,0,0,-118.5563683,34.1428699
416,0,415,416,6037139702,139702,1397.02,101139253.9,65655.60509,6037139702,1400000US06037139702,6037139702,"Census Tract 1397.02, Los Angeles County, California",5868,5102,212,0,344,0,69,141,237862,0,40,70,74,2016,0,0,0,0,0,0,0,0,0,0,0,0,0,0,0,0,0,0,65655.60509,0,0,-118.5062608,34.1408269
418,1,417,418,6037138000,138000,1380,48138031.01,31253.13194,6037138000,1400000US06037138000,6037138000,"Census Tract 1380, Los Angeles County, California",4587,3898,144,36,289,0,139,81,133830,8,58,146,26,2016,0,0,0,0,0,0,0,0,0,0,0,0,0,0,0,0,0,1,31253.13194,0,1,-118.5910626,34.14880582
426,0,425,426,6037701502,701502,7015.02,6568029.9,12372.15463,6037701502,1400000US06037701502,6037701502,"Census Tract 7015.02, Los Angeles County, California",4002,3115,87,16,426,9,109,240,93797,35,11,173,38,2016,0,0,0,0,0,0,0,0,0,0,0,0,0,0,0,0,0,0,12372.15463,0,0,-118.4872469,34.02546457
427,0,426,427,6037701701,701701,7017.01,7066995.933,13121.90462,6037701701,1400000US06037701701,6037701701,"Census Tract 7017.01, Los Angeles County, California",3370,2681,111,14,345,2,89,128,91207,0,29,66,37,2016,0,0,0,0,0,0,0,0,0,0,0,0,0,0,0,0,0,0,13121.90462,0,0,-118.4722651,34.03234192
428,19,427,428,6037701100,701100,7011,27239271.15,28235.87091,6037701100,1400000US06037701100,6037701100,"Census Tract 7011, Los Angeles County, California",1015,518,362,4,57,2,35,37,104673,7,13,1,0,2016,1,0,6,0,0,0,2,0,0,0,1,0,0,1,0,0,1,7,28235.87091,0,19,-118.4570183,34.05759015
429,0,428,429,6037701302,701302,7013.02,4909289.984,9926.766776,6037701302,1400000US06037701302,6037701302,"Census Tract 7013.02, Los Angeles County, California",4917,4154,43,0,489,19,47,165,103233,0,23,191,209,2016,0,0,0,0,0,0,0,0,0,0,0,0,0,0,0,0,0,0,9926.766776,0,0,-118.4978524,34.02741343
430,1,429,430,6037701601,701601,7016.01,13266407.35,16352.95581,6037701601,1400000US06037701601,6037701601,"Census Tract 7016.01, Los Angeles County, California",4742,3569,38,27,775,0,44,289,181012,0,39,62,68,2016,0,0,0,0,0,0,0,0,0,0,1,0,0,0,0,0,0,0,16352.95581,0,1,-118.4796053,34.03932556
431,7,430,431,6037701801,701801,7018.01,20445005.64,19303.79581,6037701801,1400000US06037701801,6037701801,"Census Tract 7018.01, Los Angeles County, California",6244,3835,627,0,1177,0,476,129,75162,5,120,517,145,2016,0,0,2,0,0,0,0,0,0,0,0,0,4,0,0,0,1,0,19303.79581,0,7,-118.4657359,34.0274587
432,0,431,432,6037701602,701602,7016.02,7110015.769,13129.85419,6037701602,1400000US06037701602,6037701602,"Census Tract 7016.02, Los Angeles County, California",4288,3273,223,0,393,4,108,287,109761,5,77,116,81,2016,0,0,0,0,0,0,0,0,0,0,0,0,0,0,0,0,0,0,13129.85419,0,0,-118.4754393,34.03501433
433,1,432,433,6037701501,701501,7015.01,6646394.929,12368.11065,6037701501,1400000US06037701501,6037701501,"Census Tract 7015.01, Los Angeles County, California",4917,4139,97,0,419,57,31,174,112905,6,67,16,116,2016,1,0,0,0,0,0,0,0,0,0,0,0,0,0,0,0,0,0,12368.11065,0,1,-118.4904334,34.02816157
434,1,433,434,6037701702,701702,7017.02,6533599.448,12326.44586,6037701702,1400000US06037701702,6037701702,"Census Tract 7017.02, Los Angeles County, California",3312,2468,111,39,345,0,144,205,75103,18,24,247,133,2016,0,0,0,0,0,0,0,0,0,0,0,0,1,0,0,0,0,0,12326.44586,0,1,-118.4841084,34.02277362
440,615,439,440,6037702901,702901,7029.01,40513424.87,25976.37005,6037702901,1400000US06037702901,6037702901,"Census Tract 7029.01, Los Angeles County, California",9782,7704,627,0,796,0,410,245,115684,101,40,356,297,2016,9,0,74,39,1,8,58,0,42,1,12,8,300,7,4,0,36,14,25976.37005,2,615,-118.4485997,33.97649928
441,0,440,441,6037701201,701201,7012.01,20903331.72,18461.25135,6037701201,1400000US06037701201,6037701201,"Census Tract 7012.01, Los Angeles County, California",3730,3258,19,0,347,0,0,106,297855,24,29,28,39,2016,0,0,0,0,0,0,0,0,0,0,0,0,0,0,0,0,0,0,18461.25135,0,0,-118.494361,34.04120852
442,5,441,442,6037274202,274202,2742.02,13388776.71,25370.83167,6037274202,1400000US06037274202,6037274202,"Census Tract 2742.02, Los Angeles County, California",4494,3816,77,0,167,60,255,119,168423,0,22,10,45,2016,0,0,0,0,0,0,0,0,0,0,0,1,2,0,1,0,0,1,25370.83167,0,5,-118.459792,33.97119116
443,6,442,443,6037273902,273902,2739.02,10144127.24,14049.54886,6037273902,1400000US06037273902,6037273902,"Census Tract 2739.02, Los Angeles County, California",3839,3470,78,0,104,0,104,83,178093,0,18,113,41,2016,0,0,1,0,1,0,0,0,0,0,0,0,0,0,0,0,1,3,14049.54886,0,6,-118.4647427,33.98411768
444,0,443,444,6037273502,273502,2735.02,6472174.119,10935.15683,6037273502,1400000US06037273502,6037273502,"Census Tract 2735.02, Los Angeles County, California",2914,2404,147,0,108,0,54,201,94631,0,33,61,115,2016,0,0,0,0,0,0,0,0,0,0,0,0,0,0,0,0,0,0,10935.15683,0,0,-118.4704282,33.98787924
445,2,444,445,6037273402,273402,2734.02,6617969.751,11497.31929,6037273402,1400000US06037273402,6037273402,"Census Tract 2734.02, Los Angeles County, California",2728,2334,106,0,131,0,77,80,85684,0,64,68,122,2016,0,0,1,0,0,0,0,0,0,0,0,0,0,0,0,0,1,0,11497.31929,0,2,-118.4773264,33.99289487
446,0,445,446,6037272202,272202,2722.02,3332244.955,8785.828441,6037272202,1400000US06037272202,6037272202,"Census Tract 2722.02, Los Angeles County, California",3773,2213,95,81,334,10,741,299,75879,46,77,186,50,2016,0,0,0,0,0,0,0,0,0,0,0,0,0,0,0,0,0,0,8785.828441,0,0,-118.439161,33.99755815
455,1,454,455,6037702300,702300,7023,27978669.89,21199.24006,6037702300,1400000US06037702300,6037702300,"Census Tract 7023, Los Angeles County, California",6974,5295,270,15,872,0,52,470,142680,20,163,173,68,2016,0,0,0,0,0,0,0,0,0,0,0,0,1,0,0,0,0,0,21199.24006,0,1,-118.4559657,34.01831716
457,2,456,457,6037702201,702201,7022.01,12961164.32,15231.65189,6037702201,1400000US06037702201,6037702201,"Census Tract 7022.01, Los Angeles County, California",4809,3640,103,0,371,0,178,517,109682,40,84,326,278,2016,0,0,0,0,0,0,1,0,0,0,0,0,0,0,0,0,0,1,15231.65189,0,2,-118.4729975,34.01335692
458,0,457,458,6037702202,702202,7022.02,10907984.04,13838.4701,6037702202,1400000US06037702202,6037702202,"Census Tract 7022.02, Los Angeles County, California",3951,3153,11,0,508,0,35,244,131579,0,28,101,70,2016,0,0,0,0,0,0,0,0,0,0,0,0,0,0,0,0,0,0,13838.4701,0,0,-118.4672339,34.00816452
459,7,458,459,6037701802,701802,7018.02,13441680.24,15298.94769,6037701802,1400000US06037701802,6037701802,"Census Tract 7018.02, Los Angeles County, California",4588,2734,504,46,506,0,462,336,88063,77,51,463,70,2016,0,0,0,0,0,1,0,0,0,0,1,0,4,1,0,0,0,0,15298.94769,0,7,-118.478983,34.01889553
489,3,488,489,6037273100,273100,2731,12655430.02,15466.61096,6037273100,1400000US06037273100,6037273100,"Census Tract 2731, Los Angeles County, California",2473,2204,16,5,113,0,40,95,159132,20,37,50,53,2016,1,0,0,0,0,0,0,0,0,0,0,1,1,0,0,0,0,0,15466.61096,0,3,-118.4598107,34.00349157
490,1,489,490,6037267403,267403,2674.03,2642603.453,7831.861184,6037267403,1400000US06037267403,6037267403,"Census Tract 2674.03, Los Angeles County, California",3162,1850,74,0,1024,0,155,59,83333,0,65,115,237,2016,0,0,0,0,0,0,0,0,0,0,0,0,0,0,0,0,0,1,7831.861184,0,1,-118.4565893,34.04754953
491,0,490,491,6037264103,264103,2641.03,2481306.739,7370.470824,6037264103,1400000US06037264103,6037264103,"Census Tract 2641.03, Los Angeles County, California",2750,2266,4,31,313,0,0,136,127431,0,59,63,37,2016,0,0,0,0,0,0,0,0,0,0,0,0,0,0,0,0,0,0,7370.470824,0,0,-118.4662885,34.05498197
492,0,491,492,6037262802,262802,2628.02,35458315.13,38057.23922,6037262802,1400000US06037262802,6037262802,"Census Tract 2628.02, Los Angeles County, California",3453,3151,65,0,104,0,32,101,392318,8,16,48,8,2016,0,0,0,0,0,0,0,0,0,0,0,0,0,0,0,0,0,0,38057.23922,0,0,-118.5078982,34.04278624
493,0,492,493,6037262706,262706,2627.06,22997232.04,21354.4702,6037262706,1400000US06037262706,6037262706,"Census Tract 2627.06, Los Angeles County, California",3730,3337,150,0,12,0,1,230,338060,34,32,44,51,2016,0,0,0,0,0,0,0,0,0,0,0,0,0,0,0,0,0,0,21354.4702,0,0,-118.5257896,34.03840437
494,0,493,494,6037262604,262604,2626.04,60813712.99,52731.37555,6037262604,1400000US06037262604,6037262604,"Census Tract 2626.04, Los Angeles County, California",6477,5480,19,20,532,0,3,423,268304,19,28,81,91,2016,0,0,0,0,0,0,0,0,0,0,0,0,0,0,0,0,0,0,52731.37555,0,0,-118.5475694,34.0521489
495,0,494,495,6037262501,262501,2625.01,17635343.51,19927.87358,6037262501,1400000US06037262501,6037262501,"Census Tract 2625.01, Los Angeles County, California",4122,3849,33,9,111,0,10,110,302629,19,25,60,55,2016,0,0,0,0,0,0,0,0,0,0,0,0,0,0,0,0,0,0,19927.87358,0,0,-118.5206178,34.04998384
519,196,518,519,6037800102,800102,8001.02,567363630.1,156388.9421,6037800102,1400000US06037800102,6037800102,"Census Tract 8001.02, Los Angeles County, California",6579,5996,93,0,226,0,48,216,147269,28,144,93,35,2016,8,1,16,16,4,1,33,0,5,0,12,19,42,3,2,0,15,16,156388.9421,3,196,-118.6251433,34.10165832
520,99,519,520,6037800202,800202,8002.02,294965250.7,89241.01107,6037800202,1400000US06037800202,6037800202,"Census Tract 8002.02, Los Angeles County, California",5934,4889,294,28,557,0,17,149,221946,0,64,153,112,2016,2,0,5,13,0,1,18,0,0,0,3,6,22,3,0,0,8,17,89241.01107,1,99,-118.6840124,34.11501756
522,0,521,522,6037261200,261200,2612,81714212.92,59594.38666,6037261200,1400000US06037261200,6037261200,"Census Tract 2612, Los Angeles County, California",4140,3555,40,0,441,0,44,60,239674,23,42,115,119,2016,0,0,0,0,0,0,0,0,0,0,0,0,0,0,0,0,0,0,59594.38666,0,0,-118.4439991,34.11268641
523,1,522,523,6037262100,262100,2621,94404214.6,70346.09573,6037262100,1400000US06037262100,6037262100,"Census Tract 2621, Los Angeles County, California",2959,2417,47,0,343,0,13,139,312837,36,46,43,19,2016,0,0,0,0,0,1,0,0,0,0,0,0,0,0,0,0,0,0,70346.09573,0,1,-118.4510261,34.0957367
524,0,523,524,6037262400,262400,2624,121292202.4,75092.63264,6037262400,1400000US06037262400,6037262400,"Census Tract 2624, Los Angeles County, California",2949,2559,2,0,254,0,0,134,364658,15,28,8,40,2016,0,0,0,0,0,0,0,0,0,0,0,0,0,0,0,0,0,0,75092.63264,0,0,-118.508641,34.09181916
525,0,524,525,6037262303,262303,2623.03,28139675.05,29228.96268,6037262303,1400000US06037262303,6037262303,"Census Tract 2623.03, Los Angeles County, California",2994,2691,0,0,108,0,25,170,343725,9,18,92,54,2016,0,0,0,0,0,0,0,0,0,0,0,0,0,0,0,0,0,0,29228.96268,0,0,-118.4868615,34.06607463
526,0,525,526,6037262302,262302,2623.02,32910363.37,32299.8096,6037262302,1400000US06037262302,6037262302,"Census Tract 2623.02, Los Angeles County, California",3040,2705,21,0,226,0,9,79,271679,13,12,54,55,2016,0,0,0,0,0,0,0,0,0,0,0,0,0,0,0,0,0,0,32299.8096,0,0,-118.4768477,34.0751079
549,0,548,549,6037137504,137504,1375.04,41305120.79,32874.78905,6037137504,1400000US06037137504,6037137504,"Census Tract 1375.04, Los Angeles County, California",2032,1888,25,0,42,0,0,77,237398,18,36,88,25,2016,0,0,0,0,0,0,0,0,0,0,0,0,0,0,0,0,0,0,32874.78905,0,0,-118.5720715,34.14804397
552,1,551,552,6037264301,264301,2643.01,4522500.978,8707.551417,6037264301,1400000US06037264301,6037264301,"Census Tract 2643.01, Los Angeles County, California",5137,4217,77,0,625,0,61,157,118646,0,18,136,346,2016,0,0,0,0,0,0,0,0,0,0,0,0,0,0,0,0,0,1,8707.551417,0,1,-118.4643034,34.05100272
553,0,552,553,6037265520,265520,2655.2,8261426.844,13423.92224,6037265520,1400000US06037265520,6037265520,"Census Tract 2655.20, Los Angeles County, California",4646,3172,164,0,994,0,41,275,124711,75,37,81,332,2016,0,0,0,0,0,0,0,0,0,0,0,0,0,0,0,0,0,0,13423.92224,0,0,-118.442412,34.0513746
554,0,553,554,6037262601,262601,2626.01,39747699.18,34786.04939,6037262601,1400000US06037262601,6037262601,"Census Tract 2626.01, Los Angeles County, California",3497,2917,27,0,254,0,8,291,323276,0,43,35,47,2016,0,0,0,0,0,0,0,0,0,0,0,0,0,0,0,0,0,0,34786.04939,0,0,-118.5555379,34.07378211
555,1,554,555,6037265305,265305,2653.05,3345425.948,9994.9597,6037265305,1400000US06037265305,6037265305,"Census Tract 2653.05, Los Angeles County, California",4069,2180,103,6,1472,0,133,175,39231,13,117,1677,558,2016,0,0,1,0,0,0,0,0,0,0,0,0,0,0,0,0,0,0,9994.9597,0,1,-118.4490348,34.06269917
556,1,555,556,6037265420,265420,2654.2,7865733.677,12339.13076,6037265420,1400000US06037265420,6037265420,"Census Tract 2654.20, Los Angeles County, California",1960,1441,95,0,361,0,22,41,309989,4,25,179,17,2016,0,0,0,0,0,0,0,0,0,0,0,1,0,0,0,0,0,0,12339.13076,0,1,-118.4594548,34.07044656
557,0,556,557,6037265303,265303,2653.03,1593033.601,5749.442641,6037265303,1400000US06037265303,6037265303,"Census Tract 2653.03, Los Angeles County, California",4738,2029,102,0,1782,0,435,390,27827,24,141,2879,595,2016,0,0,0,0,0,0,0,0,0,0,0,0,0,0,0,0,0,0,5749.442641,0,0,-118.4534229,34.0672789
558,0,557,558,6037265304,265304,2653.04,1409874.92,5886.18097,6037265304,1400000US06037265304,6037265304,"Census Tract 2653.04, Los Angeles County, California",3112,1678,22,15,996,0,134,267,32159,22,110,1795,324,2016,0,0,0,0,0,0,0,0,0,0,0,0,0,0,0,0,0,0,5886.18097,0,0,-118.4511732,34.06775948
559,0,558,559,6037264000,264000,2640,20107054.8,22982.74204,6037264000,1400000US06037264000,6037264000,"Census Tract 2640, Los Angeles County, California",3002,2813,0,0,60,0,28,101,322074,7,75,56,30,2016,0,0,0,0,0,0,0,0,0,0,0,0,0,0,0,0,0,0,22982.74204,0,0,-118.4815142,34.05455465
560,0,559,560,6037265510,265510,2655.1,4127578.024,8294.460307,6037265510,1400000US06037265510,6037265510,"Census Tract 2655.10, Los Angeles County, California",4332,2297,10,0,1670,0,247,108,87129,11,171,982,245,2016,0,0,0,0,0,0,0,0,0,0,0,0,0,0,0,0,0,0,8294.460307,0,0,-118.44264,34.056488
561,0,560,561,6037980019,980019,9800.19,475388952.6,154954.4432,6037980019,1400000US06037980019,6037980019,"Census Tract 9800.19, Los Angeles County, California",197,162,8,0,27,0,0,0,188672,0,12,0,0,2016,0,0,0,0,0,0,0,0,0,0,0,0,0,0,0,0,0,0,154954.4432,0,0,-118.5482042,34.09133985
579,1,578,579,6037139703,139703,1397.03,50898928.27,41376.80141,6037139703,1400000US06037139703,6037139703,"Census Tract 1397.03, Los Angeles County, California",2907,2376,13,18,231,0,19,250,175707,17,19,45,22,2016,0,0,0,0,0,0,0,0,1,0,0,0,0,0,0,0,0,0,41376.80141,0,1,-118.5320902,34.14458463
585,0,584,585,6037265410,265410,2654.1,6059680.828,14556.56656,6037265410,1400000US06037265410,6037265410,"Census Tract 2654.10, Los Angeles County, California",1535,1186,81,0,230,0,14,24,194015,0,14,21,33,2016,0,0,0,0,0,0,0,0,0,0,0,0,0,0,0,0,0,0,14556.56656,0,0,-118.4644291,34.06698094
586,0,585,586,6037265301,265301,2653.01,17177056.37,20495.57557,6037265301,1400000US06037265301,6037265301,"Census Tract 2653.01, Los Angeles County, California",10384,4410,328,20,4531,11,287,797,0,0,412,8281,74,2016,0,0,0,0,0,0,0,0,0,0,0,0,0,0,0,0,0,0,20495.57557,0,0,-118.4454465,34.07107362
587,0,586,587,6037264302,264302,2643.02,18191909.78,22147.17372,6037264302,1400000US06037264302,6037264302,"Census Tract 2643.02, Los Angeles County, California",5378,4463,89,43,470,0,51,262,141265,0,46,48,173,2016,0,0,0,0,0,0,0,0,0,0,0,0,0,0,0,0,0,0,22147.17372,0,0,-118.4768664,34.04720656
588,1,587,588,6037267300,267300,2673,4628262.153,8677.304261,6037267300,1400000US06037267300,6037267300,"Census Tract 2673, Los Angeles County, California",4440,2500,238,40,1027,0,364,271,74102,28,60,173,69,2016,0,0,1,0,0,0,0,0,0,0,0,0,0,0,0,0,0,0,8677.304261,0,1,-118.4497068,34.04520685
589,1,588,589,6037267402,267402,2674.02,4615994.145,8843.514746,6037267402,1400000US06037267402,6037267402,"Census Tract 2674.02, Los Angeles County, California",4790,3449,200,79,817,0,5,240,95599,34,38,183,293,2016,0,0,0,0,0,0,0,0,0,0,0,0,0,0,0,0,0,1,8843.514746,0,1,-118.4655713,34.04232133
590,1,589,590,6037267501,267501,2675.01,4885175.269,9067.550477,6037267501,1400000US06037267501,6037267501,"Census Tract 2675.01, Los Angeles County, California",6782,3550,109,484,1025,0,977,637,89697,92,81,347,291,2016,0,0,0,0,0,0,0,0,0,0,0,0,1,0,0,0,0,0,9067.550477,0,1,-118.4560813,34.04134037
591,0,590,591,6037267502,267502,2675.02,4679180.696,8926.775775,6037267502,1400000US06037267502,6037267502,"Census Tract 2675.02, Los Angeles County, California",3514,2407,81,41,588,0,204,193,90042,0,12,212,187,2016,0,0,0,0,0,0,0,0,0,0,0,0,0,0,0,0,0,0,8926.775775,0,0,-118.4621738,34.03755505
592,9,591,592,6037267600,267600,2676,13664506.84,15228.30421,6037267600,1400000US06037267600,6037267600,"Census Tract 2676, Los Angeles County, California",2963,1537,53,0,593,0,585,195,92186,15,54,81,116,2016,0,0,1,0,0,0,0,0,0,0,0,0,8,0,0,0,0,0,15228.30421,0,9,-118.4524614,34.03409609
594,0,593,594,6037141700,141700,1417,34913679.1,32096.61872,6037141700,1400000US06037141700,6037141700,"Census Tract 1417, Los Angeles County, California",3058,2580,89,10,204,16,0,159,258309,9,107,114,39,2016,0,0,0,0,0,0,0,0,0,0,0,0,0,0,0,0,0,0,32096.61872,0,0,-118.437656,34.13799255
595,2,594,595,6037267700,267700,2677,8751237.713,12188.71681,6037267700,1400000US06037267700,6037267700,"Census Tract 2677, Los Angeles County, California",3314,1694,87,22,1067,0,225,219,109697,4,45,119,146,2016,0,0,1,0,0,0,0,0,0,0,0,1,0,0,0,0,0,0,12188.71681,0,2,-118.4441734,34.03871926
597,6,596,597,6037262200,262200,2622,92176213.19,52236.59385,6037262200,1400000US06037262200,6037262200,"Census Tract 2622, Los Angeles County, California",4856,3952,158,0,457,0,24,265,258007,8,58,174,100,2016,0,0,2,0,0,0,1,0,0,0,0,0,0,1,0,0,0,2,52236.59385,0,6,-118.4698143,34.10172882
600,188,599,600,6037800326,800326,8003.26,453154099.8,123065.2492,6037800326,1400000US06037800326,6037800326,"Census Tract 8003.26, Los Angeles County, California",5057,4195,202,1,401,25,56,177,176899,29,78,166,53,2016,9,0,9,17,2,5,22,0,0,0,6,11,48,3,2,0,8,44,123065.2492,2,188,-118.8222665,34.11942386
601,2,600,601,6037273700,273700,2737,7431052.099,11006.39423,6037273700,1400000US06037273700,6037273700,"Census Tract 2737, Los Angeles County, California",2828,2326,113,0,126,0,97,166,139944,0,33,66,70,2016,0,0,1,0,0,0,0,0,0,0,0,0,0,0,0,0,0,1,11006.39423,0,2,-118.4526905,33.99838413
602,2,601,602,6037273600,273600,2736,6336240.516,10768.18546,6037273600,1400000US06037273600,6037273600,"Census Tract 2736, Los Angeles County, California",2334,2062,137,0,94,16,8,17,178729,13,12,17,7,2016,0,0,0,0,0,0,0,0,0,0,0,0,2,0,0,0,0,0,10768.18546,0,2,-118.4599554,33.99336567
603,5,602,603,6037273200,273200,2732,6909620.786,11507.95017,6037273200,1400000US06037273200,6037273200,"Census Tract 2732, Los Angeles County, California",3598,2688,218,119,82,0,229,262,127226,8,67,75,81,2016,0,0,1,0,0,0,0,0,0,0,0,1,0,0,0,0,2,1,11507.95017,0,5,-118.4669872,33.9975911
604,14,603,604,6037273300,273300,2733,6155887.279,11235.89269,6037273300,1400000US06037273300,6037273300,"Census Tract 2733, Los Angeles County, California",3204,2396,439,21,87,0,94,167,88335,23,33,149,32,2016,1,0,3,1,0,1,1,0,0,0,0,0,2,0,0,0,4,1,11235.89269,0,14,-118.472216,33.99555668
605,0,604,605,6037273800,273800,2738,7982883.84,16482.29906,6037273800,1400000US06037273800,6037273800,"Census Tract 2738, Los Angeles County, California",3249,2439,190,10,245,0,163,202,123707,21,44,16,79,2016,0,0,0,0,0,0,0,0,0,0,0,0,0,0,0,0,0,0,16482.29906,0,0,-118.4512745,33.99271497
606,13,605,606,6037274100,274100,2741,6760340.494,14311.7177,6037274100,1400000US06037274100,6037274100,"Census Tract 2741, Los Angeles County, California",4244,3104,500,0,351,0,213,76,143472,0,3,163,335,2016,0,0,0,0,0,0,0,0,1,0,0,1,1,0,0,0,0,10,14311.7177,0,13,-118.4489344,33.98752722
607,0,606,607,6037275400,275400,2754,8083664.634,13077.50367,6037275400,1400000US06037275400,6037275400,"Census Tract 2754, Los Angeles County, California",3591,2372,150,63,678,0,89,239,128042,11,39,63,54,2016,0,0,0,0,0,0,0,0,0,0,0,0,0,0,0,0,0,0,13077.50367,0,0,-118.4391851,33.99061856
613,0,612,613,6037141600,141600,1416,41447747.41,37185.94301,6037141600,1400000US06037141600,6037141600,"Census Tract 1416, Los Angeles County, California",4076,3586,30,37,287,0,6,130,234292,31,98,60,87,2016,0,0,0,0,0,0,0,0,0,0,0,0,0,0,0,0,0,0,37185.94301,0,0,-118.4610561,34.13891598
634,0,633,634,6037265602,265602,2656.02,3615573.043,9281.129152,6037265602,1400000US06037265602,6037265602,"Census Tract 2656.02, Los Angeles County, California",2904,2292,56,0,365,0,70,121,189654,6,15,54,134,2016,0,0,0,0,0,0,0,0,0,0,0,0,0,0,0,0,0,0,9281.129152,0,0,-118.4341692,34.06024576
635,0,634,635,6037276604,276604,2766.04,9024421.382,15860.52659,6037276604,1400000US06037276604,6037276604,"Census Tract 2766.04, Los Angeles County, California",4106,2415,571,36,734,0,133,217,75420,0,60,485,142,2016,0,0,0,0,0,0,0,0,0,0,0,0,0,0,0,0,0,0,15860.52659,0,0,-118.424868,33.95717038
636,0,635,636,6037276603,276603,2766.03,4894262.516,10197.32591,6037276603,1400000US06037276603,6037276603,"Census Tract 2766.03, Los Angeles County, California",5238,3415,426,12,652,0,511,222,98420,45,17,63,196,2016,0,0,0,0,0,0,0,0,0,0,0,0,0,0,0,0,0,0,10197.32591,0,0,-118.4365126,33.95583868
637,5,636,637,6037269907,269907,2699.07,2979392.004,7628.819057,6037269907,1400000US06037269907,6037269907,"Census Tract 2699.07, Los Angeles County, California",2970,1870,430,0,376,35,117,142,73102,16,22,109,157,2016,0,0,0,0,0,0,0,0,0,0,1,0,4,0,0,0,0,0,7628.819056,0,5,-118.4067221,34.02805176
638,0,637,638,6037269906,269906,2699.06,2238833.95,7462.523173,6037269906,1400000US06037269906,6037269906,"Census Tract 2699.06, Los Angeles County, California",3007,1753,261,21,636,50,65,221,84514,4,46,36,125,2016,0,0,0,0,0,0,0,0,0,0,0,0,0,0,0,0,0,0,7462.523173,0,0,-118.4031868,34.0249641
639,5,638,639,6037267901,267901,2679.01,12051398.23,15177.39604,6037267901,1400000US06037267901,6037267901,"Census Tract 2679.01, Los Angeles County, California",2355,1831,6,0,453,28,0,37,245064,0,9,0,50,2016,0,0,0,0,0,0,1,0,0,0,0,1,2,0,0,0,1,0,15177.39604,0,5,-118.4137283,34.05646094
655,21,654,655,6037275602,275602,2756.02,27845505.66,28290.178,6037275602,1400000US06037275602,6037275602,"Census Tract 2756.02, Los Angeles County, California",8905,4605,1053,0,2389,14,237,607,144041,18,53,737,151,2016,0,0,0,5,0,0,0,0,1,0,1,0,8,0,0,0,1,5,28290.178,0,21,-118.4176462,33.97692825
656,0,655,656,6037275101,275101,2751.01,3765552.233,10287.31728,6037275101,1400000US06037275101,6037275101,"Census Tract 2751.01, Los Angeles County, California",1235,781,50,0,312,0,64,28,77868,0,7,30,15,2016,0,0,0,0,0,0,0,0,0,0,0,0,0,0,0,0,0,0,10287.31728,0,0,-118.4039677,33.99916377
673,130,672,673,6037980028,980028,9800.28,186819192.9,82673.92834,6037980028,1400000US06037980028,6037980028,"Census Tract 9800.28, Los Angeles County, California",0,0,0,0,0,0,0,0,0,0,12,0,0,2016,0,0,5,2,70,0,2,0,5,0,3,25,13,0,0,0,3,2,82673.92834,0,130,-118.4098108,33.94102476
676,2,675,676,6037278001,278001,2780.01,17381848.46,25351.6277,6037278001,1400000US06037278001,6037278001,"Census Tract 2780.01, Los Angeles County, California",2567,1992,143,0,246,21,50,115,91539,29,42,122,53,2016,0,0,0,0,0,0,0,0,0,0,0,1,1,0,0,0,0,0,25351.6277,0,2,-118.4019912,33.95722222
698,16,697,698,6037220100,220100,2201,10552863.85,16990.59754,6037220100,1400000US06037220100,6037220100,"Census Tract 2201, Los Angeles County, California",2375,410,1302,13,141,0,263,246,72628,83,48,31,10,2016,0,0,3,0,0,0,0,0,0,0,0,0,10,0,0,0,2,1,16990.59754,0,16,-118.3667069,34.02385502
727,1,726,727,6037620001,620001,6200.01,12727653.03,14715.01285,6037620001,1400000US06037620001,6037620001,"Census Tract 6200.01, Los Angeles County, California",3919,3192,90,0,189,0,28,420,138827,85,68,111,91,2016,0,0,1,0,0,0,0,0,0,0,0,0,0,0,0,0,0,0,14715.01285,0,1,-118.4038422,33.92747145
739,53,738,739,6037702400,702400,7024,21525376.85,24233.23961,6037702400,1400000US06037702400,6037702400,"Census Tract 7024, Los Angeles County, California",4538,3312,277,0,548,0,101,300,102514,5,127,147,77,2016,0,0,4,0,0,0,1,0,5,0,1,2,35,1,0,0,2,1,24233.23961,1,53,-118.3845103,34.02547036
740,1,739,740,6037702801,702801,7028.01,12901274.91,14986.22579,6037702801,1400000US06037702801,6037702801,"Census Tract 7028.01, Los Angeles County, California",5242,3386,201,2,1223,0,230,200,99141,34,13,253,215,2016,0,0,0,0,0,0,0,0,0,0,0,0,0,0,0,0,0,1,14986.22579,0,1,-118.4102129,34.01145709
773,0,772,773,6037269000,269000,2690,24580538.21,29812.92428,6037269000,1400000US06037269000,6037269000,"Census Tract 2690, Los Angeles County, California",5594,4678,128,0,490,7,95,196,222880,0,54,30,115,2016,0,0,0,0,0,0,0,0,0,0,0,0,0,0,0,0,0,0,29812.92428,0,0,-118.403852,34.04208871
774,0,773,774,6037269500,269500,2695,15011923.06,17752.65132,6037269500,1400000US06037269500,6037269500,"Census Tract 2695, Los Angeles County, California",4215,3645,77,0,462,0,0,31,227405,11,15,35,41,2016,0,0,0,0,0,0,0,0,0,0,0,0,0,0,0,0,0,0,17752.65132,0,0,-118.3938495,34.04341348
775,0,774,775,6037269300,269300,2693,23772381.37,20336.61764,6037269300,1400000US06037269300,6037269300,"Census Tract 2693, Los Angeles County, California",4170,3580,102,28,314,0,15,131,228450,0,12,103,60,2016,0,0,0,0,0,0,0,0,0,0,0,0,0,0,0,0,0,0,20336.61764,0,0,-118.4139428,34.04044588
776,0,775,776,6037269700,269700,2697,9661690.407,14772.79685,6037269700,1400000US06037269700,6037269700,"Census Tract 2697, Los Angeles County, California",3856,2482,449,0,584,17,159,165,102399,22,75,68,106,2016,0,0,0,0,0,0,0,0,0,0,0,0,0,0,0,0,0,0,14772.79685,0,0,-118.3871651,34.03634086
777,0,776,777,6037269800,269800,2698,5027651.896,12035.27154,6037269800,1400000US06037269800,6037269800,"Census Tract 2698, Los Angeles County, California",3263,1948,249,26,688,46,144,162,78776,48,40,182,121,2016,0,0,0,0,0,0,0,0,0,0,0,0,0,0,0,0,0,0,12035.27154,0,0,-118.3968233,34.03204989
778,5,777,778,6037270100,270100,2701,6143553.709,13354.25232,6037270100,1400000US06037270100,6037270100,"Census Tract 2701, Los Angeles County, California",4610,2396,271,95,1208,0,249,391,61721,3,121,189,91,2016,0,0,1,0,0,0,0,0,0,0,0,0,2,0,1,0,1,0,13354.25232,0,5,-118.3959806,34.02734868
779,0,778,779,6037702802,702802,7028.02,6505290.349,15433.52806,6037702802,1400000US06037702802,6037702802,"Census Tract 7028.02, Los Angeles County, California",2523,1546,83,120,269,17,312,176,106069,33,46,147,50,2016,0,0,0,0,0,0,0,0,0,0,0,0,0,0,0,0,0,0,15433.52806,0,0,-118.4165746,34.00536019
780,0,779,780,6037702502,702502,7025.02,19538352.99,25987.05872,6037702502,1400000US06037702502,6037702502,"Census Tract 7025.02, Los Angeles County, California",4296,2809,566,0,634,0,172,115,94942,51,100,83,48,2016,0,0,0,0,0,0,0,0,0,0,0,0,0,0,0,0,0,0,25987.05872,0,0,-118.3843794,34.01368129
781,2,780,781,6037702700,702700,7027,14556241.8,17643.87975,6037702700,1400000US06037702700,6037702700,"Census Tract 7027, Los Angeles County, California",3869,2734,81,5,662,0,93,294,139766,29,18,111,35,2016,0,0,0,1,0,0,0,0,0,0,0,0,0,0,0,0,1,0,17643.87975,0,2,-118.4022078,34.00563082
782,0,781,782,6037702803,702803,7028.03,9120767.298,27442.55326,6037702803,1400000US06037702803,6037702803,"Census Tract 7028.03, Los Angeles County, California",3191,1918,161,27,232,0,657,196,86655,24,26,83,0,2016,0,0,0,0,0,0,0,0,0,0,0,0,0,0,0,0,0,0,27442.55326,0,0,-118.4331053,33.99564262
787,4,786,787,6037700902,700902,7009.02,10273223.65,12943.36944,6037700902,1400000US06037700902,6037700902,"Census Tract 7009.02, Los Angeles County, California",7177,5781,51,0,592,0,128,625,113720,45,30,360,232,2016,0,0,0,0,0,0,2,0,2,0,0,0,0,0,0,0,0,0,12943.36944,0,4,-118.3944124,34.06208771
788,0,787,788,6037700901,700901,7009.01,11357889.36,18945.87712,6037700901,1400000US06037700901,6037700901,"Census Tract 7009.01, Los Angeles County, California",3892,3208,31,0,406,9,7,231,137686,48,13,230,62,2016,0,0,0,0,0,0,0,0,0,0,0,0,0,0,0,0,0,0,18945.87712,0,0,-118.3830933,34.06270356
789,0,788,789,6037702501,702501,7025.01,14464966.22,16130.30951,6037702501,1400000US06037702501,6037702501,"Census Tract 7025.01, Los Angeles County, California",4486,3542,137,0,446,0,161,200,124194,34,100,105,0,2016,0,0,0,0,0,0,0,0,0,0,0,0,0,0,0,0,0,0,16130.30951,0,0,-118.3967506,34.01493279
799,0,798,799,6037270200,270200,2702,8225812.221,14331.19399,6037270200,1400000US06037270200,6037270200,"Census Tract 2702, Los Angeles County, California",3576,2495,292,30,179,11,351,218,73027,45,82,149,13,2016,0,0,0,0,0,0,0,0,0,0,0,0,0,0,0,0,0,0,14331.19399,0,0,-118.3807031,34.03333494
800,4,799,800,6037270300,270300,2703,10511306.68,13672.05138,6037270300,1400000US06037270300,6037270300,"Census Tract 2703, Los Angeles County, California",2542,690,838,0,174,0,733,107,93711,70,20,117,6,2016,0,0,1,0,0,1,0,0,0,0,0,0,1,0,0,0,0,0,13672.05138,1,4,-118.3708624,34.03973353
801,0,800,801,6037271100,271100,2711,8658187.513,14154.49734,6037271100,1400000US06037271100,6037271100,"Census Tract 2711, Los Angeles County, California",2571,1684,36,0,620,54,56,121,129872,6,29,87,101,2016,0,0,0,0,0,0,0,0,0,0,0,0,0,0,0,0,0,0,14154.49734,0,0,-118.4268253,34.03391734
802,0,801,802,6037271600,271600,2716,9726533.138,12555.02631,6037271600,1400000US06037271600,6037271600,"Census Tract 2716, Los Angeles County, California",4623,2440,309,16,1472,0,119,267,103712,0,11,368,134,2016,0,0,0,0,0,0,0,0,0,0,0,0,0,0,0,0,0,0,12555.02631,0,0,-118.4310758,34.02121855
803,0,802,803,6037271500,271500,2715,9796013.251,13061.357,6037271500,1400000US06037271500,6037271500,"Census Tract 2715, Los Angeles County, California",3158,2459,66,0,433,0,55,145,118129,9,28,50,36,2016,0,0,0,0,0,0,0,0,0,0,0,0,0,0,0,0,0,0,13061.357,0,0,-118.4382537,34.01668703
804,0,803,804,6037271701,271701,2717.01,10732148.99,13808.49799,6037271701,1400000US06037271701,6037271701,"Census Tract 2717.01, Los Angeles County, California",5974,3934,384,18,1377,0,101,160,96994,0,129,296,132,2016,0,0,0,0,0,0,0,0,0,0,0,0,0,0,0,0,0,0,13808.49799,0,0,-118.4192378,34.02711989
805,0,804,805,6037271801,271801,2718.01,5196689.741,9631.166786,6037271801,1400000US06037271801,6037271801,"Census Tract 2718.01, Los Angeles County, California",3453,1667,206,0,1158,0,334,88,92277,54,71,139,161,2016,0,0,0,0,0,0,0,0,0,0,0,0,0,0,0,0,0,0,9631.166786,0,0,-118.4182656,34.01672805
806,0,805,806,6037271702,271702,2717.02,7624536.522,13336.26013,6037271702,1400000US06037271702,6037271702,"Census Tract 2717.02, Los Angeles County, California",4390,2047,119,0,1824,24,151,225,73285,0,53,193,169,2016,0,0,0,0,0,0,0,0,0,0,0,0,0,0,0,0,0,0,13336.26013,0,0,-118.426057,34.0256009
807,303,806,807,6037703002,703002,7030.02,34953199.39,28043.54312,6037703002,1400000US06037703002,6037703002,"Census Tract 7030.02, Los Angeles County, California",7495,1268,5660,0,202,0,97,268,120287,39,73,310,86,2016,4,1,16,64,6,7,17,0,18,0,9,0,121,1,0,0,32,4,28043.54312,3,303,-118.372964,33.98750752
824,7,823,824,6037277200,277200,2772,11214539.06,15139.03013,6037277200,1400000US06037277200,6037277200,"Census Tract 2772, Los Angeles County, California",2437,889,803,0,153,0,425,167,62832,43,60,153,167,2016,0,0,0,0,0,0,0,0,5,0,0,0,0,0,0,0,0,2,15139.03013,0,7,-118.3822507,33.95263368
826,57,825,826,6037703001,703001,7030.01,51124020.12,42808.27492,6037703001,1400000US06037703001,6037703001,"Census Tract 7030.01, Los Angeles County, California",5990,3073,1186,13,1157,0,193,368,102176,0,69,260,137,2016,2,0,7,5,0,1,2,0,1,0,2,1,29,2,0,0,3,2,42808.27492,0,57,-118.3839702,33.99547098
839,3,838,839,6037271802,271802,2718.02,6215142.218,10114.63196,6037271802,1400000US06037271802,6037271802,"Census Tract 2718.02, Los Angeles County, California",5997,3521,507,0,1344,0,305,320,69562,30,81,204,219,2016,0,0,0,0,0,0,0,0,0,0,0,0,0,1,0,0,0,2,10114.63196,0,3,-118.412486,34.01989777
840,0,839,840,6037272302,272302,2723.02,5437258.953,10565.23658,6037272302,1400000US06037272302,6037272302,"Census Tract 2723.02, Los Angeles County, California",4415,2293,275,231,357,0,1155,104,61444,75,62,149,41,2016,0,0,0,0,0,0,0,0,0,0,0,0,0,0,0,0,0,0,10565.23658,0,0,-118.4274541,34.00211445
841,0,840,841,6037272301,272301,2723.01,6501724.469,12731.18333,6037272301,1400000US06037272301,6037272301,"Census Tract 2723.01, Los Angeles County, California",3161,1876,73,129,425,0,278,380,83182,8,31,22,62,2016,0,0,0,0,0,0,0,0,0,0,0,0,0,0,0,0,0,0,12731.18333,0,0,-118.4222526,34.00502044
849,10,848,849,6037235100,235100,2351,12717479.21,18160.62884,6037235100,1400000US06037235100,6037235100,"Census Tract 2351, Los Angeles County, California",4687,407,3488,0,218,0,467,107,85380,16,56,256,41,2016,0,0,1,0,0,0,0,0,0,0,1,1,1,0,0,0,0,6,18160.62884,0,10,-118.346336,33.98524713
854,254,853,854,6037703100,703100,7031,28677375.98,26781.1612,6037703100,1400000US06037703100,6037703100,"Census Tract 7031, Los Angeles County, California",5605,646,4325,16,132,0,217,269,98064,10,55,108,41,2016,0,0,34,58,1,7,15,0,15,0,8,4,68,4,1,1,26,12,26781.1612,0,254,-118.3548362,33.99307809
867,1,866,867,6037620102,620102,6201.02,9385657.258,16012.16521,6037620102,1400000US06037620102,6037620102,"Census Tract 6201.02, Los Angeles County, California",3847,3096,28,55,121,61,223,263,111279,51,43,103,41,2016,0,0,0,0,0,0,0,0,1,0,0,0,0,0,0,0,0,0,16012.16521,0,1,-118.4180752,33.92019837
879,15,878,879,6037236000,236000,2360,43287789.64,31639.49736,6037236000,1400000US06037236000,6037236000,"Census Tract 2360, Los Angeles County, California",4627,1212,2498,28,221,0,358,310,99468,26,53,264,0,2016,0,0,5,1,0,0,0,0,0,0,0,0,6,0,0,0,2,1,31639.49736,0,15,-118.3652842,34.01105158
902,1,901,902,6037701000,701000,7010,15319008.32,18941.0745,6037701000,1400000US06037701000,6037701000,"Census Tract 7010, Los Angeles County, California",5645,4711,73,24,373,0,94,370,208695,16,26,243,45,2016,0,0,0,0,0,0,0,0,1,0,0,0,0,0,0,0,0,0,18941.0745,0,1,-118.4057859,34.06186941
903,0,902,903,6037620101,620101,6201.01,14583052.41,16146.24155,6037620101,1400000US06037620101,6037620101,"Census Tract 6201.01, Los Angeles County, California",5625,4444,74,27,603,0,67,410,127517,20,86,60,117,2016,0,0,0,0,0,0,0,0,0,0,0,0,0,0,0,0,0,0,16146.24155,0,0,-118.4197134,33.92752955
905,0,904,905,6037275603,275603,2756.03,11066888.87,16740.83811,6037275603,1400000US06037275603,6037275603,"Census Tract 2756.03, Los Angeles County, California",2793,1754,66,23,773,9,162,6,97610,18,32,91,28,2016,0,0,0,0,0,0,0,0,0,0,0,0,0,0,0,0,0,0,16740.83811,0,0,-118.4064725,33.98627445
906,0,905,906,6037275500,275500,2755,8479441.323,11765.88589,6037275500,1400000US06037275500,6037275500,"Census Tract 2755, Los Angeles County, California",5566,3643,262,139,506,13,762,241,60626,158,129,176,53,2016,0,0,0,0,0,0,0,0,0,0,0,0,0,0,0,0,0,0,11765.88589,0,0,-118.4144743,33.99229836
907,11,906,907,6037275102,275102,2751.02,6654763.289,12166.95455,6037275102,1400000US06037275102,6037275102,"Census Tract 2751.02, Los Angeles County, California",4010,2682,204,1,239,0,671,213,59325,155,76,91,55,2016,0,0,4,1,1,0,0,0,2,0,0,0,2,0,0,1,0,0,12166.95455,0,11,-118.4107716,33.99795869
908,0,907,908,6037272201,272201,2722.01,2798671.177,6700.250798,6037272201,1400000US06037272201,6037272201,"Census Tract 2722.01, Los Angeles County, California",2695,1307,198,238,228,0,591,133,72340,47,77,154,96,2016,0,0,0,0,0,0,0,0,0,0,0,0,0,0,0,0,0,0,6700.250798,0,0,-118.4341387,34.00038802
909,2,908,909,6037271902,271902,2719.02,9948084.654,12748.85997,6037271902,1400000US06037271902,6037271902,"Census Tract 2719.02, Los Angeles County, California",4265,2684,200,254,479,0,459,189,111460,9,28,276,64,2016,0,0,1,0,0,0,0,0,0,0,0,0,0,0,0,0,0,1,12748.85997,0,2,-118.4316893,34.00963378
910,0,909,910,6037271901,271901,2719.01,7053807.78,10697.45586,6037271901,1400000US06037271901,6037271901,"Census Tract 2719.01, Los Angeles County, California",3369,1929,186,137,454,0,562,101,112051,33,18,48,173,2016,0,0,0,0,0,0,0,0,0,0,0,0,0,0,0,0,0,0,10697.45586,0,0,-118.424201,34.01384714
911,0,910,911,6037269905,269905,2699.05,2562120.998,8317.569973,6037269905,1400000US06037269905,6037269905,"Census Tract 2699.05, Los Angeles County, California",2740,1468,240,9,568,0,335,120,69803,2,49,123,225,2016,0,0,0,0,0,0,0,0,0,0,0,0,0,0,0,0,0,0,8317.569973,0,0,-118.4018929,34.02186227
912,0,911,912,6037269904,269904,2699.04,3631328.179,9020.391363,6037269904,1400000US06037269904,6037269904,"Census Tract 2699.04, Los Angeles County, California",3870,2163,539,11,642,28,191,296,60335,0,12,216,89,2016,0,0,0,0,0,0,0,0,0,0,0,0,0,0,0,0,0,0,9020.391363,0,0,-118.4118913,34.0278139
921,1,920,921,6037601301,601301,6013.01,6614179.66,11072.36761,6037601301,1400000US06037601301,6037601301,"Census Tract 6013.01, Los Angeles County, California",1942,524,1160,7,49,0,58,144,88408,0,12,71,13,2016,0,0,0,0,0,0,0,0,0,0,0,0,0,0,0,0,0,1,11072.36761,0,1,-118.3638362,33.97918264
923,4,922,923,6037601302,601302,6013.02,13133178.15,19637.19029,6037601302,1400000US06037601302,6037601302,"Census Tract 6013.02, Los Angeles County, California",7534,1544,4984,2,68,0,746,190,62753,185,105,273,0,2016,0,0,0,0,0,0,1,0,0,0,0,1,0,1,0,0,0,1,19637.19029,0,4,-118.3644549,33.96930277
948,0,947,948,6037269903,269903,2699.03,3055079.359,7708.020284,6037269903,1400000US06037269903,6037269903,"Census Tract 2699.03, Los Angeles County, California",3782,2177,306,18,801,0,309,171,75459,0,59,194,203,2016,0,0,0,0,0,0,0,0,0,0,0,0,0,0,0,0,0,0,7708.020284,0,0,-118.4064885,34.02090798
949,1,948,949,6037269602,269602,2696.02,3127881.913,7326.264432,6037269602,1400000US06037269602,6037269602,"Census Tract 2696.02, Los Angeles County, California",2785,1607,540,0,91,17,414,116,69380,67,78,117,80,2016,0,0,0,0,0,0,0,0,0,0,0,0,0,0,0,0,0,1,7326.264432,0,1,-118.3844942,34.04327364
950,2,949,950,6037269601,269601,2696.01,3591419.073,7574.315641,6037269601,1400000US06037269601,6037269601,"Census Tract 2696.01, Los Angeles County, California",3250,1985,771,0,115,0,320,59,59221,0,34,209,78,2016,0,0,0,0,0,0,1,0,0,0,0,0,0,0,0,0,0,1,7574.315641,0,2,-118.379464,34.04185949
951,0,950,951,6037267902,267902,2679.02,8374980.443,12865.32451,6037267902,1400000US06037267902,6037267902,"Census Tract 2679.02, Los Angeles County, California",3596,2866,246,0,435,0,17,32,137272,0,41,178,48,2016,0,0,0,0,0,0,0,0,0,0,0,0,0,0,0,0,0,0,12865.32451,0,0,-118.4202104,34.04755704
953,3,952,953,6037601401,601401,6014.01,16933202.61,18287.10451,6037601401,1400000US06037601401,6037601401,"Census Tract 6014.01, Los Angeles County, California",5346,1445,1791,60,80,0,1634,336,50724,41,80,235,19,2016,0,0,0,0,0,0,1,0,1,0,0,0,1,0,0,0,0,0,18287.10451,0,3,-118.3700731,33.95906239
1003,0,1002,1003,6037265601,265601,2656.01,6706904.143,11465.56356,6037265601,1400000US06037265601,6037265601,"Census Tract 2656.01, Los Angeles County, California",3252,2454,58,10,640,0,0,90,126330,0,12,74,158,2016,0,0,0,0,0,0,0,0,0,0,0,0,0,0,0,0,0,0,11465.56356,0,0,-118.4327381,34.05586474
1010,235,1009,1010,6037601600,601600,6016,9821401.062,12866.23631,6037601600,1400000US06037601600,6037601600,"Census Tract 6016, Los Angeles County, California",4356,1628,28,0,162,0,2502,36,52446,95,82,165,0,2016,14,3,36,34,0,10,6,0,19,2,0,28,21,3,0,0,36,15,12866.23631,8,235,-118.363866,33.93480492
1044,0,1043,1044,6037267200,267200,2672,12673418.66,14811.07413,6037267200,1400000US06037267200,6037267200,"Census Tract 2672, Los Angeles County, California",5656,4094,32,0,1258,13,68,191,110576,14,79,174,151,2016,0,0,0,0,0,0,0,0,0,0,0,0,0,0,0,0,0,0,14811.07413,0,0,-118.4372179,34.04565133
1054,4,1053,1054,6037702600,702600,7026,23398318.65,24163.18242,6037702600,1400000US06037702600,6037702600,"Census Tract 7026, Los Angeles County, California",5637,3047,582,51,1094,0,469,394,120676,43,45,228,79,2016,0,0,1,1,0,0,0,0,0,0,0,0,1,0,0,0,1,0,24163.18242,0,4,-118.3955436,33.99533709
1078,180,1077,1078,6037602200,602200,6022,22715697.82,23705.22137,6037602200,1400000US06037602200,6037602200,"Census Tract 6022, Los Angeles County, California",8202,4260,1098,14,500,327,1422,581,78657,112,127,308,38,2016,3,1,29,28,1,4,10,0,11,0,2,14,48,7,2,1,15,1,23705.22137,3,180,-118.369721,33.92344942
1084,1,1083,1084,6037265700,265700,2657,13272662.46,15243.82314,6037265700,1400000US06037265700,6037265700,"Census Tract 2657, Los Angeles County, California",5380,4026,68,0,958,0,120,208,140170,47,34,122,107,2016,0,0,0,0,0,0,0,0,0,0,0,0,1,0,0,0,0,0,15243.82314,0,1,-118.4236978,34.0632049
1085,1,1084,1085,6037267100,267100,2671,11882744.46,14259.7907,6037267100,1400000US06037267100,6037267100,"Census Tract 2671, Los Angeles County, California",6952,4961,252,0,1029,12,192,506,126324,0,63,126,197,2016,0,0,0,0,0,0,0,0,0,0,0,0,1,0,0,0,0,0,14259.7907,0,1,-118.424562,34.05257851
1125,8,1124,1125,6037267800,267800,2678,12390989.07,14894.96888,6037267800,1400000US06037267800,6037267800,"Census Tract 2678, Los Angeles County, California",3075,2264,52,1,647,0,18,93,118619,5,18,59,54,2016,0,0,1,0,0,1,0,0,0,0,0,0,5,0,0,0,1,0,14894.96888,0,8,-118.4306932,34.03958482
1126,0,1125,1126,6037269100,269100,2691,9033708.269,12462.68297,6037269100,1400000US06037269100,6037269100,"Census Tract 2691, Los Angeles County, California",4012,3384,62,0,209,0,174,183,112945,0,28,175,96,2016,0,0,0,0,0,0,0,0,0,0,0,0,0,0,0,0,0,0,12462.68297,0,0,-118.3948375,34.0530753
1130,35,1129,1130,6037980013,980013,9800.13,57143611.04,34275.58553,6037980013,1400000US06037980013,6037980013,"Census Tract 9800.13, Los Angeles County, California",0,0,0,0,0,0,0,0,0,0,12,0,0,2016,1,0,4,1,0,1,2,0,6,0,0,0,14,0,0,0,5,1,34275.58553,0,35,-118.3871573,33.91650264
1164,2,1163,1164,6037219902,219902,2199.02,8619879.871,13294.50822,6037219902,1400000US06037219902,6037219902,"Census Tract 2199.02, Los Angeles County, California",3901,1822,825,31,114,0,1044,65,59521,87,95,248,55,2016,0,0,0,0,0,0,0,0,0,0,1,0,1,0,0,0,0,0,13294.50822,0,2,-118.3686821,34.03004028
1167,0,1166,1167,6037217002,217002,2170.02,8302513.961,11538.65679,6037217002,1400000US06037217002,6037217002,"Census Tract 2170.02, Los Angeles County, California",5115,3513,483,16,625,0,284,194,93239,0,119,144,287,2016,0,0,0,0,0,0,0,0,0,0,0,0,0,0,0,0,0,0,11538.65679,0,0,-118.3805055,34.04953823
1168,0,1167,1168,6037217001,217001,2170.01,5904316.171,10940.79362,6037217001,1400000US06037217001,6037217001,"Census Tract 2170.01, Los Angeles County, California",3162,2696,36,0,136,0,19,275,122476,7,12,128,38,2016,0,0,0,0,0,0,0,0,0,0,0,0,0,0,0,0,0,0,10940.79362,0,0,-118.3870422,34.05238852
1169,0,1168,1169,6037216402,216402,2164.02,2469654.558,6401.202013,6037216402,1400000US06037216402,6037216402,"Census Tract 2164.02, Los Angeles County, California",3027,2336,48,0,282,0,203,158,96483,0,34,32,128,2016,0,0,0,0,0,0,0,0,0,0,0,0,0,0,0,0,0,0,6401.202013,0,0,-118.3804486,34.06115833
1170,0,1169,1170,6037216401,216401,2164.01,4412842.468,8517.657382,6037216401,1400000US06037216401,6037216401,"Census Tract 2164.01, Los Angeles County, California",4426,3589,123,0,322,0,303,89,80177,0,70,189,162,2016,0,0,0,0,0,0,0,0,0,0,0,0,0,0,0,0,0,0,8517.657382,0,0,-118.3797557,34.05669459
1173,3,1172,1173,6037277400,277400,2774,6877689.37,10438.69699,6037277400,1400000US06037277400,6037277400,"Census Tract 2774, Los Angeles County, California",1644,222,929,0,160,18,267,48,43127,31,44,146,67,2016,0,0,1,0,0,0,0,0,0,0,0,0,0,0,0,0,1,1,10438.69699,0,3,-118.3743608,33.94904024
1204,8,1203,1204,6037216300,216300,2163,13700729.07,18947.37951,6037216300,1400000US06037216300,6037216300,"Census Tract 2163, Los Angeles County, California",4822,3019,544,7,624,42,185,401,136555,64,12,69,70,2016,0,0,1,0,0,0,0,0,3,0,0,2,1,0,0,0,1,0,18947.37951,0,8,-118.3622229,34.05997564
1207,9,1206,1207,6037216800,216800,2168,7963488.428,11547.78471,6037216800,1400000US06037216800,6037216800,"Census Tract 2168, Los Angeles County, California",3189,2332,265,9,152,0,197,234,126420,27,32,74,23,2016,0,0,3,0,0,0,0,0,2,0,0,2,0,0,0,0,2,0,11547.78471,0,9,-118.3706166,34.05578897
1214,0,1213,1214,6037275200,275200,2752,4995532.938,10528.63142,6037275200,1400000US06037275200,6037275200,"Census Tract 2752, Los Angeles County, California",3997,1876,92,368,524,0,618,519,68014,101,63,121,92,2016,0,0,0,0,0,0,0,0,0,0,0,0,0,0,0,0,0,0,10528.63142,0,0,-118.4210233,33.99549478
1215,9,1214,1215,6037275302,275302,2753.02,19367589.02,18148.42147,6037275302,1400000US06037275302,6037275302,"Census Tract 2753.02, Los Angeles County, California",4990,3689,289,0,618,39,85,270,97537,41,25,259,12,2016,0,0,0,0,0,1,0,0,0,0,0,0,4,0,0,1,0,3,18148.42147,0,9,-118.4326248,33.98307083
1216,0,1215,1216,6037275311,275311,2753.11,13909113.35,17144.12358,6037275311,1400000US06037275311,6037275311,"Census Tract 2753.11, Los Angeles County, California",5700,3455,82,0,1452,0,355,356,116640,11,37,74,171,2016,0,0,0,0,0,0,0,0,0,0,0,0,0,0,0,0,0,0,17144.12358,0,0,-118.4233134,33.98844885
1217,0,1216,1217,6037276000,276000,2760,25171285.04,22609.69964,6037276000,1400000US06037276000,6037276000,"Census Tract 2760, Los Angeles County, California",5508,3617,214,50,728,0,590,309,127517,0,67,92,66,2016,0,0,0,0,0,0,0,0,0,0,0,0,0,0,0,0,0,0,22609.69964,0,0,-118.3890319,33.96918333
1218,9,1217,1218,6037276100,276100,2761,10569763.82,25708.11884,6037276100,1400000US06037276100,6037276100,"Census Tract 2761, Los Angeles County, California",5833,1551,2513,29,1021,0,169,550,76935,25,88,167,224,2016,0,0,1,3,0,0,2,0,0,0,0,0,2,0,0,0,0,1,25708.11884,0,9,-118.3730328,33.97593635
1219,0,1218,1219,6037276500,276500,2765,12830486.02,15367.42277,6037276500,1400000US06037276500,6037276500,"Census Tract 2765, Los Angeles County, California",5443,3609,236,0,845,19,316,418,111250,29,170,3287,158,2016,0,0,0,0,0,0,0,0,0,0,0,0,0,0,0,0,0,0,15367.42277,0,0,-118.418047,33.96654617
1220,0,1219,1220,6037276400,276400,2764,13734682.79,16202.11094,6037276400,1400000US06037276400,6037276400,"Census Tract 2764, Los Angeles County, California",4159,3275,107,10,393,0,164,210,157167,24,58,543,86,2016,0,0,0,0,0,0,0,0,0,0,0,0,0,0,0,0,0,0,16202.11094,0,0,-118.409514,33.96689312
1221,0,1220,1221,6037276601,276601,2766.01,24108417.44,23283.33937,6037276601,1400000US06037276601,6037276601,"Census Tract 2766.01, Los Angeles County, California",4119,2632,156,6,797,0,180,348,166416,23,25,293,72,2016,0,0,0,0,0,0,0,0,0,0,0,0,0,0,0,0,0,0,23283.33937,0,0,-118.4335262,33.96419383
1258,1,1257,1258,6037277000,277000,2770,24745922.49,21847.74599,6037277000,1400000US06037277000,6037277000,"Census Tract 2770, Los Angeles County, California",5482,4493,87,0,596,0,70,236,179173,91,52,42,91,2016,0,0,0,0,0,0,0,0,0,0,0,0,1,0,0,0,0,0,21847.74599,0,1,-118.4003457,33.97137274
1259,0,1258,1259,6037277100,277100,2771,13312286.72,15732.52157,6037277100,1400000US06037277100,6037277100,"Census Tract 2771, Los Angeles County, California",3248,2190,105,0,341,0,144,468,122420,46,23,153,44,2016,0,0,0,0,0,0,0,0,0,0,0,0,0,0,0,0,0,0,15732.52157,0,0,-118.3783945,33.965229
1285,3,1284,1285,6037214901,214901,2149.01,3365544.288,7399.905782,6037214901,1400000US06037214901,6037214901,"Census Tract 2149.01, Los Angeles County, California",3025,2289,30,28,353,0,35,290,87898,17,12,20,77,2016,0,0,0,1,0,0,2,0,0,0,0,0,0,0,0,0,0,0,7399.905782,0,3,-118.3872507,34.07428599
1293,0,1292,1293,6037265201,265201,2652.01,4723235.74,11887.4671,6037265201,1400000US06037265201,6037265201,"Census Tract 2652.01, Los Angeles County, California",2830,2133,42,12,549,11,31,52,183787,0,69,900,121,2016,0,0,0,0,0,0,0,0,0,0,0,0,0,0,0,0,0,0,11887.4671,0,0,-118.4364214,34.0668323
1294,8,1293,1294,6037214902,214902,2149.02,5455186.892,9800.932797,6037214902,1400000US06037214902,6037214902,"Census Tract 2149.02, Los Angeles County, California",2916,2133,81,0,444,0,78,180,103916,0,46,118,136,2016,0,0,0,1,0,0,1,0,2,0,0,0,2,0,0,0,1,1,9800.932797,0,8,-118.3801049,34.07296452
1323,4,1322,1323,6037700802,700802,7008.02,7382967.311,15107.60653,6037700802,1400000US06037700802,6037700802,"Census Tract 7008.02, Los Angeles County, California",3889,3103,98,9,474,0,136,69,133123,24,38,144,70,2016,0,0,3,0,0,0,0,0,0,0,0,0,0,0,0,0,1,0,15107.60653,0,4,-118.3820901,34.06842794
1324,8,1323,1324,6037700801,700801,7008.01,15658674.92,20079.46205,6037700801,1400000US06037700801,6037700801,"Census Tract 7008.01, Los Angeles County, California",5863,4498,58,0,967,0,174,166,109651,0,59,33,105,2016,0,0,1,0,0,0,1,0,0,0,0,0,2,0,0,0,0,4,20079.46205,0,8,-118.3967928,34.07171563
1326,635,1325,1326,6037700501,700501,7005.01,6429856.573,15065.13497,6037700501,1400000US06037700501,6037700501,"Census Tract 7005.01, Los Angeles County, California",3749,2614,273,0,303,32,295,232,112119,11,12,215,16,2016,43,1,112,32,3,10,54,0,30,0,11,13,155,16,1,0,33,117,15065.13497,4,635,-118.3878394,34.08764049
1392,829,1391,1392,6037700400,700400,7004,14164185.69,21301.616,6037700400,1400000US06037700400,6037700400,"Census Tract 7004, Los Angeles County, California",5518,4383,288,0,354,0,178,315,115369,0,17,44,83,2016,58,3,119,49,2,13,54,0,24,1,15,26,242,15,0,0,60,142,21301.616,6,829,-118.3811599,34.08130358
1433,4,1432,1433,6037194200,194200,1942,28019967.78,29547.92553,6037194200,1400000US06037194200,6037194200,"Census Tract 1942, Los Angeles County, California",3659,3153,95,22,102,26,112,149,236283,0,9,107,20,2016,0,0,1,0,0,0,0,0,0,0,0,0,1,1,0,0,0,1,29547.92553,0,4,-118.3750087,34.10351367
1445,2,1444,1445,6037194102,194102,1941.02,37710144.04,38287.93835,6037194102,1400000US06037194102,6037194102,"Census Tract 1941.02, Los Angeles County, California",3678,3136,107,0,242,20,75,98,184815,11,21,130,71,2016,0,0,0,0,0,0,0,0,0,0,0,0,0,0,0,0,1,1,38287.93835,0,2,-118.36626,34.11687148
1468,2,1467,1468,6037194300,194300,1943,26577411.17,35162.05954,6037194300,1400000US06037194300,6037194300,"Census Tract 1943, Los Angeles County, California",3715,3183,94,0,127,0,74,237,301374,12,83,149,40,2016,0,0,0,0,0,0,1,0,0,0,0,0,1,0,0,0,0,0,35162.05954,0,2,-118.3875284,34.10167056
1482,18,1481,1482,6037700600,700600,7006,61197293.28,47074.42462,6037700600,1400000US06037700600,6037700600,"Census Tract 7006, Los Angeles County, California",4722,4332,55,8,267,0,0,60,368902,29,34,124,108,2016,1,0,3,0,0,0,0,0,0,0,1,0,1,1,0,0,0,11,47074.42462,0,18,-118.4008456,34.09020871
1564,1,1563,1564,6037214800,214800,2148,6209400.279,11243.48014,6037214800,1400000US06037214800,6037214800,"Census Tract 2148, Los Angeles County, California",2986,2346,152,0,175,0,219,94,120483,0,12,55,112,2016,0,0,1,0,0,0,0,0,0,0,0,0,0,0,0,0,0,0,11243.48014,0,1,-118.3730637,34.07139458
1576,0,1575,1576,6037265100,265100,2651,25426373.84,24422.61273,6037265100,1400000US06037265100,6037265100,"Census Tract 2651, Los Angeles County, California",2602,2412,48,6,44,0,9,83,184522,9,12,38,47,2016,0,0,0,0,0,0,0,0,0,0,0,0,0,0,0,0,0,0,24422.61273,0,0,-118.4288607,34.07371963
1602,1,1601,1602,6037700700,700700,7007,38004555.96,32188.92577,6037700700,1400000US06037700700,6037700700,"Census Tract 7007, Los Angeles County, California",3439,3006,38,0,174,0,37,184,398286,21,11,205,70,2016,0,0,0,0,0,0,0,0,0,0,0,0,0,0,0,0,1,0,32188.92577,0,1,-118.4165717,34.0805268
1631,0,1630,1631,6037261101,261101,2611.01,71985568.93,63601.08517,6037261101,1400000US06037261101,6037261101,"Census Tract 2611.01, Los Angeles County, California",3785,3393,62,0,183,0,25,122,269930,9,50,104,100,2016,0,0,0,0,0,0,0,0,0,0,0,0,0,0,0,0,0,0,63601.08517,0,0,-118.4009413,34.11273187
1632,1,1631,1632,6037261102,261102,2611.02,85459650.32,55745.27735,6037261102,1400000US06037261102,6037261102,"Census Tract 2611.02, Los Angeles County, California",3969,3343,67,0,246,0,63,250,281740,9,73,48,58,2016,0,0,0,0,0,0,1,0,0,0,0,0,0,0,0,0,0,0,55745.27735,0,1,-118.4248632,34.11320118
1663,2,1662,1663,6037143800,143800,1438,28072118.92,36260.9404,6037143800,1400000US06037143800,6037143800,"Census Tract 1438, Los Angeles County, California",5732,4682,217,0,606,0,101,126,185430,0,100,136,69,2016,0,0,0,0,0,1,0,0,0,0,0,0,0,0,0,0,1,0,36260.9404,0,2,-118.3806016,34.13556181
1664,1,1663,1664,6037143902,143902,1439.02,27199061.66,34224.71625,6037143902,1400000US06037143902,6037143902,"Census Tract 1439.02, Los Angeles County, California",3136,2772,31,8,233,3,49,40,211744,15,39,63,42,2016,0,0,0,0,0,0,0,0,0,0,0,0,0,0,0,0,1,0,34224.71625,0,1,-118.4186975,34.13696114
1665,1,1664,1665,6037143901,143901,1439.01,56987615.33,42068.7098,6037143901,1400000US06037143901,6037143901,"Census Tract 1439.01, Los Angeles County, California",4239,3868,2,0,207,0,10,152,242661,30,42,137,68,2016,0,0,0,0,0,0,0,0,0,0,1,0,0,0,0,0,0,0,42068.7098,0,1,-118.397405,34.13251323
,,,,,,,,,,,,,,570986,63157,,99725,,,41237,,4622,10221,,19233,,,,,477,,,,,,4,,239,1612,,,,,,,,,,
